{
    "Minv": [
        [
            397.91912958945096,
            139.7009778210727
        ],
        [
            -3020.078093922514,
            14506.529097124367
        ]
    ],
    "baseline_sum": 1.457106234931486,
    "x_cal_results": {
        "slope_x": 0.002341903221446664,
        "slope_y": 0.000487554987814395
    },
    "y_cal_results": {
        "slope_x": -2.2553028902225373e-05,
        "slope_y": 6.42392184389246e-05
    },
    "x_hysteresis_comp": -27.036016581031113,
    "y_hysteresis_comp": -1903.4338212177254
}