{
    "Minv": [
        [
            -1298.7634775701022,
            306.492161131635
        ],
        [
            -35644.76573759911,
            34563.51174036213
        ]
    ],
    "baseline_sum": 0.3169652394177068,
    "x_cal_results": {
        "slope_x": -0.0010176218629845753,
        "slope_y": -0.0010494562354665506
    },
    "y_cal_results": {
        "slope_x": 9.023768370061897e-06,
        "slope_y": 3.823830516844831e-05
    },
    "x_hysteresis_comp": -15.265776381251637,
    "y_hysteresis_comp": -1088.4817703609647
}